Frequently Asked Questions,Frequently Asked Questions
Most Frequently Asked Questions,Most Frequently Asked Questions
FAQ Topics,FAQ Topics
There are no FAQ items at the moment.,There are no FAQ items at the moment.
Back to the FAQ overview,Back to the FAQ overview
The requested FAQ item could not be found!,The requested FAQ item could not be found!
Error,Error
Expand All,Expand All
The requested FAQ Category item could not be found!,The requested FAQ Category item could not be found!
Search FAQ,Search FAQ
GO,GO
"Search Result For - ""%s"" from category ""%s""","Search Result For - ""%s"" from category ""%s"""
"Search Result For : ""%s""","Search Result For : ""%s"""
There is no FAQ item found for search string!,There is no FAQ item found for search string!
Back,Back
Faq Item is not active,Faq Item is not active
Catagory is not active,Catagory is not active
Please Select Category,Please Select Category
